{
    "MSE": 0.8726310133934021,
    "MAE": 0.6793282628059387,
    "Train Loss": 0.23567445093131328,
    "Validation Loss": 1.0788888030582005
}